{
    "[ ^  ],[+0,+0,+0]": [
        4.908756881145249,
        9.677619067244224,
        5.202378449723279
    ],
    "[<  v],[+0,+0,+0]": [
        5.124295742649925,
        4.834809154198618,
        4.292359037545594
    ],
    "[<^  ],[+0,+0,+0]": [
        5.1149176486318995,
        5.082893514287747,
        4.335335082748946
    ],
    "[ ^> ],[+0,+0,+0]": [
        4.491625308280645,
        4.918375610251476,
        5.566978100691561
    ],
    "[  > ],[+0,+0,+0]": [
        2.9032342889035516,
        4.254498883519459,
        9.515046998755942
    ],
    "[  >v],[+0,+0,+0]": [
        4.686870387928663,
        4.41197838804197,
        5.248093265561382
    ],
    "[  >v],[+0,-1,+0]": [
        3.574992023927598,
        -8.907641723833105,
        1.0079861983310707
    ],
    "[  >v],[-1,-1,-1]": [
        -8.775732632667152,
        -8.908826488626415,
        -7.8356203275651515
    ],
    "[ ^> ],[-1,+0,+0]": [
        -7.386508902224025,
        3.2548239457810615,
        5.6028914025357945
    ],
    "[<  v],[+0,+0,-1]": [
        4.894415421199935,
        3.4415289267156575,
        -9.116582831802724
    ],
    "[<   ],[+0,+0,+0]": [
        9.88883926936603,
        4.427131099054294,
        3.5123546858782655
    ],
    "[   v],[+0,+0,+0]": [
        4.647983006111068,
        1.1304148445804447,
        1.1960196994128387
    ],
    "[<  v],[+0,-1,+0]": [
        1.75206277379161,
        -10.429000302114206,
        2.7517989923918025
    ],
    "[  >v],[-1,+0,+0]": [
        -7.3145010307474925,
        3.0422296852660216,
        5.0863635984628175
    ],
    "[<  v],[-1,-1,-1]": [
        -4.900597301003851,
        -5.8519850599000005,
        -5.85745124497173
    ],
    "[<^  ],[+0,+0,-1]": [
        5.484559474240447,
        5.023688942465345,
        -9.561975041142384
    ],
    "[<  v],[+0,-1,-1]": [
        3.9887811136397877,
        -6.8731098670903465,
        -6.251686809101348
    ],
    "[<   ],[+0,+0,-1]": [
        8.818606532393165,
        2.426131802676407,
        -3.1653865542376556
    ],
    "[   v],[-1,-1,-1]": [
        -0.7344341638330956,
        0.0,
        -1.3474699815101616
    ],
    "[<   ],[+0,-1,+0]": [
        5.328453577458641,
        -10.158004400123872,
        1.9997473076169074
    ],
    "[ ^  ],[+0,+0,-1]": [
        4.793012479389002,
        3.871281807678935,
        -9.66656754921601
    ],
    "[   v],[+0,-1,+0]": [
        3.2834276963670384,
        -2.71,
        0.0
    ],
    "[  >v],[-1,-1,+0]": [
        -4.77559,
        -5.9611789,
        3.3912779130069937
    ],
    "[  > ],[-1,+0,+0]": [
        -2.7769886430173134,
        0.83265018569267,
        9.369846162995293
    ],
    "[ ^  ],[+0,+1,+0]": [
        4.735205031496126,
        14.944609514133827,
        5.271649346798249
    ],
    "[   v],[-1,+0,+0]": [
        -8.640940183056493,
        1.2569420322892821,
        4.240936390119168
    ],
    "[<   ],[+1,+0,+0]": [
        14.515930130483907,
        3.454788166614436,
        2.6142321437086222
    ],
    "[  > ],[+0,+0,+1]": [
        1.171325572958852,
        1.0666468816399233,
        14.775414452553804
    ],
    "[  > ],[+0,-1,+0]": [
        1.3833065411431793,
        -4.248875256420226,
        6.18628577155808
    ],
    "[ ^  ],[-1,+1,+0]": [
        -0.7647755403365916,
        14.892168414639547,
        0.5065113916249794
    ],
    "[ ^> ],[+0,+0,-1]": [
        3.093466125610962,
        4.855450187057812,
        -6.065031589500405
    ],
    "[<^  ],[+0,-1,-1]": [
        5.088856778120599,
        -1.3661017182943538,
        -1.59180813667827
    ],
    "[<   ],[+1,+0,-1]": [
        3.405464127422271,
        4.336572489497132,
        -0.6731961130496499
    ],
    "[   v],[-1,+0,-1]": [
        -1.0,
        2.9358487347049125,
        -1.4106995328278464
    ],
    "[<^  ],[-1,+0,+0]": [
        -4.4694092932702265,
        3.171811171754329,
        4.595013571925077
    ],
    "[  > ],[-1,+0,+1]": [
        -1.590774400451731,
        0.5220408737558193,
        14.58118113220747
    ],
    "[  >v],[+0,-1,-1]": [
        4.071654411155967,
        -1.6916898342274593,
        -1.0
    ],
    "[ ^> ],[-1,+0,-1]": [
        0.0,
        4.052829336381956,
        -1.6060173519785215
    ],
    "[  > ],[-1,-1,+0]": [
        -1.691716586962153,
        -0.9850832032041744,
        7.10193602869774
    ],
    "[  >v],[+0,+0,-1]": [
        5.08174185108798,
        2.257650566618458,
        -5.860323613771525
    ],
    "[  > ],[-1,-1,+1]": [
        0.0,
        -1.0,
        12.6543338825309
    ],
    "[<^  ],[+0,-1,+0]": [
        0.5369248025849761,
        -1.7359142059304307,
        2.63061538293796
    ],
    "[<  v],[-1,+0,+0]": [
        -1.9256617062962396,
        1.6245052987863142,
        4.672521001106912
    ],
    "[  > ],[+0,-1,-1]": [
        3.5896803115034874,
        -1.0,
        -1.962641316719194
    ],
    "[<   ],[-1,-1,+0]": [
        -2.691871612261672,
        -2.6939013141582686,
        3.2828811249537098
    ],
    "[  > ],[+0,+0,-1]": [
        1.2762432495682456,
        4.404586326682068,
        -3.662454187366114
    ],
    "[ ^  ],[-1,+0,-1]": [
        -2.4083931844267266,
        3.894361641853122,
        0.0
    ],
    "[   v],[-1,-1,+0]": [
        -6.21579511,
        -6.8618940391,
        1.808336839463562
    ],
    "[<   ],[+1,-1,+0]": [
        14.197665284772507,
        -3.300625104170485,
        0.5328671226970081
    ],
    "[<   ],[+0,-1,-1]": [
        7.087485690020111,
        -6.217629305549307,
        -6.500007903371717
    ],
    "[<^  ],[-1,-1,+0]": [
        -1.0,
        -1.0,
        4.1607077138470006
    ],
    "[   v],[+0,+0,-1]": [
        4.712081811359997,
        0.6763836203944866,
        -3.0896137822788363
    ],
    "[<   ],[-1,+0,+0]": [
        -4.599114124028727,
        4.154587092398429,
        0.6456823749971798
    ],
    "[ ^> ],[-1,-1,+0]": [
        -1.6003447925289591,
        -0.9226296660214939,
        5.199698218615185
    ],
    "[  >v],[-1,+0,-1]": [
        -2.84199016919571,
        2.743986995853567,
        -4.755057772791625
    ],
    "[<   ],[+1,-1,-1]": [
        15.030917987631716,
        -2.9773899999999998,
        0.0
    ],
    "[  > ],[+0,-1,+1]": [
        3.4834452112962975,
        -1.5303267956478925,
        0.0
    ],
    "[<^  ],[-1,+0,-1]": [
        -1.0355725592644964,
        4.874968216948951,
        -1.4410895509000001
    ],
    "[ ^  ],[-1,+0,+0]": [
        -2.7967210617916765,
        2.573747975133872,
        4.281202414532851
    ],
    "[<   ],[-1,-1,-1]": [
        -5.921527249571025,
        -6.45019540498464,
        -6.016103205068274
    ],
    "[<  v],[-1,-1,+0]": [
        -0.9999330252017326,
        -1.9900000000000002,
        3.7069772866823065
    ],
    "[<  v],[-1,+0,-1]": [
        -0.6736732423829859,
        2.889065993076241,
        -1.0
    ],
    "[<^  ],[-1,-1,-1]": [
        -3.0750509991321655,
        -4.037316738585359,
        -3.2302984872115794
    ],
    "[ ^> ],[-1,-1,-1]": [
        -2.3837355088918066,
        -2.3836780879167017,
        -2.5543699354051492
    ],
    "[ ^> ],[+0,-1,-1]": [
        4.710977804598303,
        -1.5585062716874714,
        -1.088403383091644
    ],
    "[<   ],[-1,+0,-1]": [
        -0.9606797983470499,
        2.5586492688921183,
        -1.0
    ],
    "[ ^  ],[-1,-1,+0]": [
        -0.8653661323194953,
        -1.0,
        4.230920682936356
    ],
    "[ ^  ],[+0,+1,-1]": [
        0.08388657148637327,
        15.116852857261986,
        -3.199688064703376
    ],
    "[ ^  ],[-1,-1,-1]": [
        -2.0383674430848497,
        -0.9198218862420046,
        -1.0
    ],
    "[ ^  ],[+0,-1,-1]": [
        3.9909429650815014,
        -1.0,
        -1.1791
    ],
    "[   v],[+0,-1,-1]": [
        0.8270523519601698,
        0.0,
        -0.8651375792232878
    ],